<problem url_name="problem_dbc23aebc066da59dc2cc609451ee3c1" display_name="Question 2" max_attempts="2" markdown="null">
  <multiplechoiceresponse>
    <label>Why should symbolic reasoners derive conclusions in response to queries rather than materializing everything in advance?</label>
    <choicegroup type="MultipleChoice" shuffle="true">
      <choice correct="false">Because reasoning is only correct when users ask questions</choice>
      <choice correct="false">Because RDF graphs cannot store inferred facts</choice>
      <choice correct="true">Because query-driven reasoning limits inference to what is actually useful</choice>
      <choice correct="false">Because inference rules are unsafe otherwise</choice>
    </choicegroup>
  </multiplechoiceresponse>
  <solution>
    <div class="detailed-solution">
      <p>Explanation</p>
      <p>Query-driven reasoning focuses computational effort on conclusions that directly support answering a user’s question. The lecture stresses that this strategy avoids the explosion of irrelevant facts while preserving correctness. Reasoning itself remains valid regardless of timing, and RDF can store inferred facts, but unrestricted inference undermines scalability.</p>
    </div>
  </solution>
</problem>