<problem url_name="problem_7867bbb79ce28a1d48bd5e36231b541f" display_name="Question 2" max_attempts="2" markdown="null">
  <multiplechoiceresponse>
    <label>Omar runs a reasoner that eagerly adds every possible implied edge from the knowledge base before any query. What is the main risk Lecture 1 warns about?</label>
    <choicegroup type="MultipleChoice" shuffle="true">
      <choice correct="false">The triples lose subject–predicate–object order</choice>
      <choice correct="false">URIs become invalid</choice>
      <choice correct="false">The graph stops supporting queries entirely</choice>
      <choice correct="true">Explosion of trivial/irrelevant inferences making reasoning impractical</choice>
    </choicegroup>
  </multiplechoiceresponse>
  <solution>
    <div class="detailed-solution">
      <p>Explanation</p>
      <p>The lecture emphasizes that while automated reasoning can enrich knowledge graphs by making implicit facts explicit, applying all inference rules eagerly can lead to a massive number of derived facts that are irrelevant to any specific query. This phenomenon makes reasoning computationally expensive and difficult to scale. Importantly, the structure of triples and the validity of URIs are not affected by reasoning, and the graph remains queryable—just inefficient and cluttered with unnecessary information.</p>
    </div>
  </solution>
</problem>