<problem url_name="problem_fc72b83fce5520127d61f5b4ec0b8347" display_name="Question 2" max_attempts="2" markdown="null">
  <multiplechoiceresponse>
    <label>Thomas uses a symbolic reasoner to infer that La La Land is a love story. Why does the lecture caution against inferring all possible consequences of every rule in advance?</label>
    <choicegroup type="MultipleChoice" shuffle="true">
      <choice correct="true">Many inferences would be logically valid but irrelevant to any user query or task</choice>
      <choice correct="false">Exhaustive inference would make the results less interpretable to humans</choice>
      <choice correct="false">Reasoning rules would stop applying once the graph becomes too large</choice>
      <choice correct="false">Automatic inference would introduce contradictions into otherwise correct data</choice>
    </choicegroup>
  </multiplechoiceresponse>
  <solution>
    <div class="detailed-solution">
      <p>Explanation</p>
      <p>The lecture emphasizes that automated reasoning should be goal-driven. While all inferred facts may be logically correct, inferring every possible consequence can lead to a large number of facts that are never used in answering queries or supporting applications such as recommendation. This creates unnecessary computational overhead and makes reasoning impractical at scale. The issue is not that the inferred facts become incorrect or contradictory—symbolic reasoners are designed to preserve correctness. Nor does the reasoning mechanism itself “break” when the graph grows. The real concern is efficiency: without selectivity, the system spends time and resources materializing information that provides no added value for the task at hand.</p>
    </div>
  </solution>
</problem>