<problem url_name="problem_14fa6de7cd948713a4d2732e24cb3e08" display_name="Question 2" max_attempts="2" markdown="null">
  <multiplechoiceresponse>
    <label>A team applies all transitive and subclass inference rules to a large knowledge graph about movies, people, and locations, even though most user queries ask only about genres. What practical problem is most likely to arise?</label>
    <choicegroup type="MultipleChoice" shuffle="true">
      <choice correct="false">The meaning of entity identifiers becomes ambiguous</choice>
      <choice correct="false">The knowledge graph violates RDF syntax</choice>
      <choice correct="true">The system wastes resources deriving facts that will never be queried</choice>
      <choice correct="false">Queries can no longer return correct answers</choice>
    </choicegroup>
  </multiplechoiceresponse>
  <solution>
    <div class="detailed-solution">
      <p>Explanation</p>
      <p>The lecture explains that reasoning should be selective. When inference rules are applied globally without regard to user queries, the system may generate many logically correct but practically useless conclusions. This consumes memory and computation without improving query answers. Entity identity, syntax, and correctness remain intact, but efficiency and scalability suffer.</p>
    </div>
  </solution>
</problem>