<problem url_name="problem_fcb781ae7bf65e7b872befd3a7b37fb2" display_name="Question 2" max_attempts="2" markdown="null">
  <multiplechoiceresponse>
    <label>Suppose a reasoner automatically infers every possible “is-a” relationship across a deep class hierarchy before any user interaction. Why does Lecture 1 consider this risky?</label>
    <choicegroup type="MultipleChoice" shuffle="true">
      <choice correct="true">It can materialize a large number of obvious but unhelpful facts</choice>
      <choice correct="false">It introduces logical inconsistencies</choice>
      <choice correct="false">It changes the original facts</choice>
      <choice correct="false">It prevents further reasoning</choice>
    </choicegroup>
  </multiplechoiceresponse>
  <solution>
    <div class="detailed-solution">
      <p>Explanation</p>
      <p>The lecture highlights that many inferred facts may be logically sound yet add little value. Automatically deriving all superclass relationships, for example, often produces conclusions that are already intuitively obvious or irrelevant for the task at hand. This does not corrupt the knowledge or block reasoning, but it burdens the system with unnecessary data that makes reasoning harder to manage.</p>
    </div>
  </solution>
</problem>